,motorcycle parking ,driving school ,swimming pool ,private toilet ,car rental ,car wash ,waste disposal ,fountain ,restaurant ,social facility ,parking space ,dentist ,fuel ,theatre ,bench ,bicycle parking ,bus station ,post box ,veterinary ,clock ,grave yard ,townhall ,hunting stand ,school ,shelter ,telephone ,atm ,community centre ,parking ,bbq ,childcare ,courthouse ,cafe ,pharmacy ,marketplace ,post office ,drinking water ,ice cream ,place of worship ,public building ,mobile money agent ,waste basket ,bar ,cinema ,fire station ,doctors ,charging station ,hospital ,bank ,college ,fast food ,arts centre ,grit bin ,taxi ,ferry terminal ,recycling ,biergarten ,kindergarten ,university ,pub ,shower ,parking entrance ,police ,bureau de change ,prison ,toilets ,library ,embassy ,nursing home ,clinic ,vending machine ,water point ,nightclub ,bicycle rental 
education,0.07132359975921732,0.3952828386925192,0.096799655944596,0.21028310593631616,0.08981066040106017,0.040365576314056004,0.06336369782877832,0.050588230217445046,0.06169287610987741,0.29677434135602576,0.06896439718135976,0.11509212027302992,0.10753808658536008,0.0,0.013401606726771528,0.10644040512895225,0.17103527408193303,0.030582136032167806,0.26310049795263646,-0.0069180921062865375,0.029708421890818636,0.10263411602859776,0.11030935720083171,0.5055380569360275,0.20559772857098868,0.0756485297300061,0.04771735400861651,0.0,0.02853562076747006,0.05031531683741301,0.4590175715634426,0.07147748467480874,0.08350091228440548,0.17582527846118431,0.12330738992470802,0.11165903141991486,0.18939648516935328,-0.003611850382045272,0.0,0.30505309798106905,0.1515486300206893,0.1238940739392084,0.02169372280005476,0.17845298832313577,0.08707064803882109,0.12717550153605583,0.08748099058394834,0.20603703333855608,0.07625541078147899,0.43495465667729105,0.13603774384181208,0.0,0.033768473797715165,0.05278174636842674,0.07655388915317168,0.16891242455733008,0.035964827000495754,0.45704382745729344,0.4155176628994626,0.046730405368499275,0.05111990545055752,0.060408712075520864,0.1662455515596108,0.10681649662999579,0.2008050812873657,0.17107368016912022,0.29115611918682693,0.09496398702071114,0.292801258279227,0.17717291205172275,0.060220762784078175,0.14369135890554874,-0.006303069525691762,0.13379151492821229
health,0.10217381595936632,0.19874457910681637,0.1320943386540736,0.2491923568318433,0.08269726144624207,0.11057207773477208,0.1950031107190843,0.06441784918676549,0.15005170673187868,0.2602324427300294,0.06330714363714857,0.23210817275390028,0.1045406907776888,0.0,0.021503863421821357,0.11299889445217236,0.07218444481294278,0.048888682900920084,0.3805371297315105,0.07094290336366879,0.15890417193848466,0.0841605999812899,0.07522113891887261,0.2178301974962792,0.15231421993919947,0.15580973179663768,-0.019877974540286787,0.0,0.03843985013481612,0.03797515628629679,0.3584570604766848,0.0930353243158008,0.13987855529954146,0.38753923116575584,0.07831247925886267,0.1168199905586311,0.2612680230272334,0.02657845257779774,0.0,0.2908889891496941,0.1285314583366843,0.14868099770438625,0.07334606121471643,0.13437496086717057,0.10836457700399012,0.3984816875263901,0.02707702731116068,0.3817678736082407,0.10927515963961945,0.13760736921994932,0.22575845667979838,0.0,0.09198266240344814,0.09524314487597674,0.13903858577474898,0.20492873568441655,0.01839570140330641,0.1839040208840827,0.19554011264336388,0.10631434761887013,0.08951373085308566,0.04195648961899346,0.14939219620077543,0.1407093799128598,0.1943435507865196,0.1804321843445586,0.11724959756610126,0.12743734819179642,0.34790882255689615,0.32754095389893056,0.07648826215768871,0.1864546895729782,0.058744949758011776,0.12383373996838856
residential,0.2671755400161029,0.1807594042178517,0.117050952289323,0.30533871137808943,0.35214911174858177,0.1424597226582205,0.1357248746200177,0.13174148713627537,0.20194569209940322,0.3038279449482497,0.2862046677202806,0.05897551139080824,0.1362164876582296,0.0,8.678016759463246e-05,0.2551500412646894,0.18041944515603475,0.02682352607211183,0.12797150153145326,0.010390373901612189,0.11170399604840084,0.08824423948073254,0.10472620474857772,0.1649929309619112,0.17372962733434685,0.2269053282233613,0.05365761686945708,0.0,0.26734966620696815,0.11145071252108033,0.22872574386161765,0.14927162426260296,0.16989202681086407,0.1956756136700935,0.12561798777401223,0.13122786669723913,0.21214992522660847,0.033255247574456304,0.0,0.37153304679899257,0.23075012701894232,0.10094100932136169,0.04003970370624514,0.18416784101390876,0.17841079609528107,0.014744709691656685,0.19774578298011247,0.16423781068230728,0.22378439546614973,0.15451583910395877,0.0844414417355456,0.0,0.04708380539600365,0.16142853568962853,0.1424547360710196,0.21342363300395195,0.08281986555736073,0.18533601965672833,0.1753092590914898,0.15793240589961788,0.11779679555014094,0.27072652093339966,0.13115287096499034,0.11492238170138368,0.14879566214331463,0.21400556930829376,0.15679822333956683,0.15336768376026044,0.30536545091677486,0.1355431893975269,0.09491575102124122,0.2005408699996864,0.09922703014330517,0.30330598388754165
culture,0.0546945571848278,0.11713112402641404,0.1383209742808748,0.11844814688868446,0.06891419808223218,0.09741502371086827,0.03466615197182655,0.13433589205423196,0.19701986450563458,0.28415415868654026,0.04934184504675595,0.030082285266324893,0.0529543394740533,0.0,-0.004145944004794216,0.04182024900055028,0.06706178047547448,0.028271323323545254,0.04283718905729317,0.0444946728721519,0.07870492139545504,0.09472443688072679,0.08708542444616285,0.11621830824640765,0.020817073324682932,0.014935986602689931,-0.014236327758700222,0.0,0.00184928319695489,0.08622873701646472,0.07848331730285164,0.05324348278701707,0.18772764565159364,0.06163876777107014,0.26592776700770016,0.06143957237697959,0.15555313909171609,0.09625827609057727,0.0,0.17010715847247448,0.07771300538615364,0.07447422362394188,0.0625122393080984,0.305405119171127,0.09220512738024735,0.06723272650709133,0.034818854467366295,0.0788747678254886,0.1459081481955209,0.10323737019002308,0.17949206306997234,0.0,0.09739380897346701,0.0809207113713437,0.039244269108020716,0.0849638025279858,0.21303603568253532,0.044390578975809405,0.19363204378041593,0.17076703557394263,0.03066460368105009,0.014875369488711557,0.13476240204932544,0.14347902838113613,0.07887242174176767,0.1362699542850399,0.11443396478844883,0.1380773151828016,0.04588157988957666,0.039953775543333916,0.17039040511232534,0.08295133383323496,0.12656780775715482,0.06229818312341993
culture and leisure,0.0,0.0,0.0,0.0,0.0,0.0,0.0,0.0,0.0,0.0,0.0,0.0,0.0,0.0,0.0,0.0,0.0,0.0,0.0,0.0,0.0,0.0,0.0,0.0,0.0,0.0,0.0,0.0,0.0,0.0,0.0,0.0,0.0,0.0,0.0,0.0,0.0,0.0,0.0,0.0,0.0,0.0,0.0,0.0,0.0,0.0,0.0,0.0,0.0,0.0,0.0,0.0,0.0,0.0,0.0,0.0,0.0,0.0,0.0,0.0,0.0,0.0,0.0,0.0,0.0,0.0,0.0,0.0,0.0,0.0,0.0,0.0,0.0,0.0
hospitality,0.11601447876929942,0.08402140832821695,0.07839138979639479,0.22833499495755744,0.18003209652265026,0.09290747455088441,0.06825552819455745,0.07886328197779627,0.33873540890745724,0.22422173751644398,0.12171084829884571,0.0238355448536411,0.06919404170100388,0.0,0.021945921294116766,0.06279586126218051,0.08376018239131947,-0.0011152123019259885,0.1168918268481591,0.06416245176244244,0.011299199606267935,0.05352162764355621,0.10622905390489665,0.03631971726176643,0.17816712962240538,0.07734024344044002,0.0077491760127586466,0.0,0.0792459972001016,0.19744175935881478,0.23429626697612743,0.01882973708210244,0.16438014857741914,0.12936719127485036,0.1064107313655486,0.10886202058101642,0.14479266850035447,0.09236420875552809,0.0,0.1703208122061878,0.16007594049651236,0.10444565510036091,0.13950741337461253,0.25721788588547767,0.06063493865783473,0.043292432002868725,0.0497111261920635,0.1101621850572369,0.0383349528062724,0.14159487980934962,0.29023313292216846,0.0,0.04670370762565323,0.16479567670227438,0.1292305107292912,0.03882664670209858,0.23710327860909614,0.005819370210663269,0.1707793809484831,0.20635778044602227,0.15257110932774648,0.10593210298308083,0.029437770907797485,0.12199344394040311,0.06226289171409806,0.15525287515293082,-0.008715566090562576,0.12659826785655676,0.26048353753971054,0.020585749171429468,0.16617523965599082,0.10721125490751679,0.13093373583486395,0.13866176219392173
tourism infrastructure,0.15376057271486715,0.11361060062874039,0.10345934380811554,0.196920317808638,0.2151030686874084,0.09866765658016757,0.15447870031816482,0.05504135527473466,0.19254061660342703,0.33840018066968997,0.14985630116436027,0.08124357287903484,0.18104848533323484,0.0,-0.0110844741368557,0.16209772899567604,0.2127806208367444,0.042857204587512195,0.17297273372119643,0.024219640092708314,0.02874377498431971,0.12278288765161108,0.1269860162041862,0.10950288360560273,0.17133734701215558,0.1255534821037204,0.02515154711875458,0.0,0.0863953520182873,0.07826638651909143,0.2103843922722864,0.12350840168820448,0.16181570090457403,0.1406770292897204,0.1802001580823161,0.12671193583426946,0.19866040279647168,0.05152494605401338,0.0,0.3245063394523358,0.24474912587261172,0.1670972230550597,0.023334391433604735,0.24213231036350924,0.16254725762615674,0.08555743363281426,0.1459750052000718,0.1848495730608622,0.16012216604820925,0.06810518548649955,0.15041887392155462,0.0,0.019863787463528758,0.22616031989268529,0.31587302472633355,0.1657960167624651,0.09763585950036073,0.10796786256656028,0.21249758151320097,0.12082168618974344,0.02907905128280235,0.08994649475640387,0.13912816366661862,0.22027163025206653,0.12272581528232104,0.17065990501560496,0.13913137901980133,0.18167491213976122,0.12027488254728336,0.09460230296435213,0.187360423205694,0.1900753799213699,0.11195458119054987,0.24472793580740074
tourism,0.14448237504788197,0.08499958176327116,0.09898405944359656,0.13300682271389655,0.20804764933534758,0.09248797117220081,0.07030190502461675,0.02900665053888926,0.23031163554384745,0.18967477777424452,0.08863863981999684,0.10960158382898823,0.1337795022441846,0.0,-0.01649379040397406,0.12079144365526329,0.1695887954084764,0.02801666700621775,0.15430026188229795,0.0011945067206784593,0.02544624192247355,0.08402429945061538,0.16858782192583935,0.10301289850036419,0.11412751358603596,0.059937414874676145,0.017673039406240827,0.0,0.049468891950067255,0.07346668156927497,0.17417136557838053,0.07832820794069634,0.15511885617294469,0.13000140063702964,0.10113075971195111,0.09390059222786987,0.1390844088696694,0.050069631889974986,0.0,0.1971725279166661,0.18089616482895557,0.12708047520166327,0.05474771380433787,0.2657002604914662,0.10706983930649877,0.12577959043633732,0.08025906320207306,0.1537916071196799,0.1350142961865701,0.07823531140687467,0.10638123151558983,0.0,-0.007876823448146709,0.25444751948207683,0.2757490988788446,0.1402266170389006,0.10445095108170868,0.07670671254164876,0.18946909440946821,0.15010944464013154,0.013314150796802954,0.0567579728486464,0.12843265437034396,0.25449398158223785,0.11494599739535143,0.074105628528911,0.06212628115472501,0.15671833331596577,0.12009767375265484,0.08819920667329346,0.12809271436971462,0.14371068829684072,0.17334440145603008,0.2281072606803008
infrastructure,0.09980156826159067,0.10167140022373425,0.06488316416113221,0.1946132758520221,0.13201153553822526,0.06433234826352481,0.1963677547782985,0.06488550177209719,0.06156604530526116,0.38436621226029044,0.16425036774070614,0.010032776417466653,0.16417245741531694,0.0,0.000608617783234542,0.14568515378056007,0.17707635971038724,0.04354979274539593,0.12284379001157002,0.043403972858278,0.02066345927666018,0.1199418822928418,0.019176785451935633,0.07092417028226074,0.17138371583344736,0.1560055122985907,0.023977713138845537,0.0,0.09679052543575695,0.05089927210469465,0.16674720260747922,0.12860072164826103,0.10109193784166001,0.09411700509365424,0.2045132982709516,0.11455259799708864,0.1900393797230213,0.03132019810415936,0.0,0.34896166449217725,0.2218746840902674,0.14688735954911136,-0.026990769443080168,0.10814690690937201,0.16413517349120327,-0.0027327351507209314,0.16780675040001491,0.14553327831446128,0.1237601980830863,0.025923999445197562,0.14251602565792298,0.0,0.04696793710430498,0.09295863035985369,0.23206575123700057,0.127595909490127,0.0470597214465989,0.10184826000591451,0.1510286420733845,0.03146215072722515,0.03686085763967924,0.09402156262991815,0.09325719081245398,0.08197301597057671,0.08013834917511609,0.22150734708061504,0.1783880598283513,0.13588559778614992,0.06897706787942467,0.062295394711625256,0.18318448980443602,0.1681713235186325,-0.014819324302590996,0.16122520658926764
food drink,0.24501862626489235,0.26429750456179296,0.1893607941761576,0.32871016001122944,0.23001268222393684,0.3489316722071324,0.16563237087419025,0.30218493261429236,0.4282211319318654,0.17446187362061588,0.19899553717052898,0.13885524794503903,0.27887172831370305,0.0,0.0690938070803098,0.2536660738180826,0.17353197252707409,0.07990421076339077,0.20645235967523445,0.1215289733710821,0.059590484679782445,0.00461864603482583,0.18339644126222468,0.11521490722602237,0.3033774643038805,0.07129576332565339,0.06153009369487019,0.0,0.19860939289566243,0.29129067882598636,0.2278797389831003,0.038353620007563705,0.32003050701624336,0.21422075335425067,0.06326086022495518,0.08773694731766302,0.6466170835614585,0.26848333165517874,0.0,0.12042334408938565,0.16592814578971882,0.2955612438972765,0.329647179590408,0.1875841517960427,0.12537171463204247,0.12482836818350038,0.14058319381962592,0.13517782337006712,0.13128750962231173,0.13827182852378,0.676481368025248,0.0,0.1522009643620477,0.253595212519304,0.11177122879675808,0.1798295137313386,0.34800031468240256,0.07390897436033796,0.09371123024368808,0.39916669567124363,0.29087885030575966,0.18804389130349278,0.13538950528959082,0.1290863004703059,0.10546368517079047,0.3215805363756825,0.04426539239394654,0.11146639253167667,0.1712335871579062,0.10694622494659474,0.30042000462152085,0.3840768700859014,0.24585270039003398,0.20511500955806258
government,0.06976738793261689,0.06397380236406433,0.013608399240232563,0.2624455009826441,0.14310474801552128,0.13303287626273544,0.11587473651105354,0.03445657809306993,0.10234297425380252,0.19901178871934105,0.046688434843625684,0.09639250191131148,0.1939941418939094,0.0,0.07283795970038362,0.05867168555761163,0.16084291868073075,0.09984868782714096,0.15502915628598934,0.005380886868448448,0.05113182023004918,0.200720218273914,0.1369738711556051,0.09948220987497117,0.14118432211573198,0.1449724108178912,0.03144716501365544,0.0,0.01873998922920294,-0.007407381292925631,0.1305711212326106,0.18309559128647518,0.07962641659584059,0.13428153421198524,0.1606188406238076,0.21534083840402085,0.11331367277782362,0.02207012666361137,0.0,0.3676348754752387,0.21985867038004808,0.13703009137281763,-0.026986167385119754,0.18028449835340077,0.13501514789914482,0.2324531304100584,0.16860090061838973,0.18625887945890152,0.3207844305538802,0.06721990312142492,0.1483872915590999,0.0,0.02339202558509873,0.12878943725022643,0.18183752867734526,0.05209905877702877,-0.024350896800559154,0.11812348272077727,0.30946616355158363,-0.002849375509092946,0.03954746707843779,0.02338527651954229,0.2743301962843326,0.22157391630701967,0.19641532512505958,0.1080570632114014,0.08677633967813561,0.3775567589649896,0.055765153478764054,0.11940043355079585,0.10925341401137638,0.15520675984122267,-0.043614522094259735,0.08923719125153942
sport wellness,0.18790113388110385,0.25361387405343583,0.3118999469972607,0.12225300892156314,0.20277633120329178,0.16055849571879152,0.08571311451292427,0.14143111007764445,0.13247586979804923,0.29835270483205173,0.13973221794114551,0.11618791698495723,0.08035624233847495,0.0,0.07978124474552167,0.20549809132253966,0.06556573437195157,0.04087285371053841,0.1991755047555482,0.06440102355043642,0.024494476072339316,0.022855501475877064,0.11645987657212112,0.22812020457397833,0.11608432542458816,0.034290376652376,0.07101536240568981,0.0,0.08643769473428721,0.10032042177235186,0.25483338047619,0.017399782520215977,0.07518738819289075,0.25552789851147006,0.21143617220530989,0.013006311398441463,0.15493050625170499,0.18980369362684268,0.0,0.20200749458706074,0.13629080601825005,0.1261692188833456,0.09215274551134339,0.1766615450746275,0.058420086723734756,0.18198918735587763,0.015482284140368778,0.13873259576865923,0.07647327822104577,0.22546774650646745,0.21621787986697616,0.0,0.07204195277281934,0.03406019573408593,0.06258305670382056,0.23219375436253714,0.1513491305916595,0.18532420022182064,0.16598605883647452,0.10908387461190677,0.09190810513761491,0.07070194465683129,0.06367606549409004,0.09945674775501884,0.061743204887375044,0.062182657515517735,0.12411646849930646,0.02495951587136566,0.2625447618395677,0.26806733193065285,0.1743446252585671,0.13912413833886164,0.07971254939796654,0.2717708089698066
transportation,0.32461528670089757,0.27060932414248073,0.056879168951305493,0.20881122448690972,0.2874989571229415,0.15240323915653764,0.20198886422479173,0.031112679364906796,0.08943095665376541,0.27026025804567355,0.311004336821599,0.08072450278700716,0.3041409390959562,0.0,-7.23581290692707e-05,0.3920373874049121,0.352924212334172,0.027404585089443073,0.18003597455049505,-0.0026812412781593714,0.048026248067651336,0.15916987182824194,0.10932769447464508,0.2206201063126329,0.23357890014178523,0.12020039309250542,-0.004289868561109664,0.0,0.28627588744909216,0.10697489572173514,0.2489477589006265,0.20386829221641647,0.011433363815577332,0.16520163345710992,0.11265692675414672,0.0996220594305981,0.23393096248736617,0.04229580637650744,0.0,0.29043732192538696,0.18270032537970898,0.20740496628607347,-0.051693098214243074,0.07660122208973974,0.1588720355154351,0.023254793823544142,0.2073530918335729,0.15472338818132103,0.0935510790953043,0.1259213971894672,0.25593220740428013,0.0,0.09413090889515349,0.31031059958413143,0.43286500004026107,0.24276060445747188,0.06356992847667847,0.20861279176877254,0.14684952821567887,-0.028425831992651286,0.061637486226811436,0.22808735285129195,0.1349390345217098,0.13504776744705405,0.09246849948483667,0.19306720115975312,0.15739610151719566,0.03014295751509465,0.12596639010830435,0.055170586943112554,0.19152119517692429,0.2108343695203957,-0.048560346516713496,0.3931377950118242
public spaces,0.2710051109819307,0.17204997666493682,0.17029032470403724,0.45064526744251565,0.20501759037498496,0.13781349342545984,0.1403867610500719,0.18875770343197815,0.15843506459919116,0.33176853827282604,0.5458661629292589,0.13188574020901167,0.10647485387952375,0.0,0.07478280441393106,0.3642465843279681,0.1926454890788128,0.220469929956833,0.12682197326388017,-0.00026383257141512906,0.13492439985356186,0.19607595009918405,0.1176086349582662,0.18719340941469353,0.1893188112038126,0.07503550296617037,0.052003473178650686,0.0,0.35943209505528184,0.08923742713698854,0.2602661654620383,0.22646471914261965,0.22616332200070455,0.09460551462907812,0.196303012235387,0.23538328755535973,0.17095792946917876,0.02141696976165382,0.0,0.6797426363484402,0.1805757973373204,0.15270394185437602,0.11107969394917434,0.2361511076312942,0.1653383173924537,0.08164092558678843,0.17849556192967114,0.16562986199262508,0.0832322413661237,0.10814341006368829,0.14145620999022146,0.0,0.1416304226634601,0.16454238874354268,0.1581204362005556,0.1664501499931979,0.2007024020531223,0.19417794974256672,0.26072318550575774,0.1663163551690304,0.12108560445851418,0.36229478079596217,0.15611613794206214,0.13507665616468814,0.13787839158055892,0.40492577549454245,0.3288178830100488,0.13116774244228113,0.14851943265447007,0.1482631480581755,0.1345385805100061,0.21895427828126116,0.10744041663310785,0.2574063345151191
services,0.09793747347369998,0.09922309508838259,0.06347791841975323,0.21294107033507625,0.1764821990080028,0.0542755354459637,0.1790916814697731,0.0615810989544778,0.0628390624733218,0.37108985589989596,0.16633607793715027,0.11665182271818583,0.08137664234105921,0.0,-0.020619287137761906,0.09750302947193389,0.17487908809732444,0.04541267839035655,0.17341394596088752,0.10060565740961355,0.05098004750540542,0.07285651118271814,0.026367370526665164,0.04460558624248468,0.2390418720936482,0.24401718191576774,-0.0029256034163278044,0.0,0.1030237294678624,0.08126696561596954,0.3005524352625908,0.07055228432566601,0.08066875880625364,0.23514419900150843,0.2282510166575173,0.14574154130959333,0.08338567952134028,0.04247190360455101,0.0,0.1814478722136621,0.3055304455885829,0.1862949152959829,-0.015523880329169005,0.08727860711774717,0.12300640279639286,0.08236668287187515,0.18238158046163383,0.14717987496666635,0.141446413571776,0.044864436539145784,0.21233737773839215,0.0,0.04652371523763763,0.12534034710342762,0.21972410238703005,0.14576955597286015,0.03086046060273471,0.09368018389967901,0.058946379142273714,0.012980259346772105,0.10001084043309741,0.10076427804905441,0.09590632716566921,0.13024925084287964,0.015160910352337145,0.14498301140294179,0.2195906078618835,0.027309285715270963,0.19879911671248293,0.2234885261861001,0.1888890016249431,0.11332208792903106,-0.05003951021707943,0.16029489674422542
business,0.1704804252294479,0.175787761482133,0.0997952959740473,0.1711634757328186,0.28116289265035643,0.1837692686272689,0.11194470582384988,0.04631566637718723,0.28415113210393517,0.28409034766805497,0.14727896221148518,0.1647432591443585,0.08701418334240374,0.0,-0.028394410623673934,0.10933779579985677,0.11209110532625513,0.07910591167953958,0.15452458573604683,-0.006759889998254949,0.07252625302941737,0.10512451549117652,0.1711256190404537,0.11375115394153722,0.10572351233791198,0.14685846313562645,0.07416512258142774,0.0,0.09755603390624654,0.046196297411785575,0.14326293846193888,0.1052045928251173,0.21301186628880434,0.29121812156485083,0.4458660164642625,0.183402938239052,0.06928887597515476,0.060610952036532426,0.0,0.273898147392169,0.28157641443337955,0.13254180609258132,0.12573332940630705,0.16439717753991384,0.1420012887188971,0.048767258552699595,0.11374388420498349,0.06317152531395423,0.26546361207694275,0.1400379868770708,0.16412974050843998,0.0,0.05257407995212478,0.14336494563180696,0.1569307686803501,0.2091943348133381,0.07098267383502814,0.08597149797921083,0.1498669829990769,0.17531277558229125,0.043105607418133754,0.07199275455616402,0.058300009527192234,0.16438603999411877,0.0931738865997017,0.0061248183938512925,0.16867940649780885,0.08490311038631805,0.1452071101968253,0.10384123807898879,0.3013572493753724,0.06134914804144482,0.1370403627880693,0.21049323908837303
business workplace,0.21160335303064945,0.2721436051190542,0.12342965993056024,0.2314847196740817,0.26740486560185084,0.20512428415328962,0.11333176847929313,0.03499056448344862,0.2778044397508946,0.36124768844338007,0.18079192772698674,0.15696067511682477,0.03818585531192541,0.0,0.03754349130227043,0.19105720793646974,0.1146143812658445,0.12150720156518571,0.10827001105780962,0.019294954984142534,0.06890829870767094,0.16818356982926153,0.17582524684483064,0.19799523108885053,0.11859992255240134,0.14994961866131418,0.08122995223285896,0.0,0.1403876659342066,0.051135778009538585,0.36912746973951577,0.16981934496937673,0.22838450234413726,0.3204655913583728,0.4115851748214545,0.2327414936157438,0.1260698829809484,0.054089759379010435,0.0,0.33320892844164823,0.2323945941187785,0.0968450509176977,0.19777278561564227,0.18282407124683447,0.1535404827119618,0.10129269224216823,0.04545693275220241,0.13249406034548128,0.2077552992489135,0.2108283554836352,0.12991492434282675,0.0,0.0837593284289074,0.18642408483856893,0.1184734075902979,0.2552316328461709,0.05274075959786745,0.1463423248264434,0.23597112314657875,0.24772854441546674,0.1523547866028041,0.10576979400681132,0.12243048024430536,0.15639779509983673,0.14540528626149768,0.10359218823386596,0.1489321135462791,0.11966446090770289,0.27614136226488134,0.11365220516857208,0.2747041044276842,0.062221001515454,0.20239105070046565,0.24772143493266333
commercial shops,0.2609909460558923,0.14310455026900334,0.0792606295875014,0.26092323183774,0.35087206423886197,0.2300717273922614,0.12291019955219788,0.10353060342430218,0.3367624002801806,0.26209180945702226,0.30395193548023824,0.16809669036189517,0.1501274679410791,0.0,-0.04845451941176938,0.2517400421857656,0.26685064865527686,0.1677146017076377,0.1416960518546436,0.08778950595790265,0.10267970790424572,0.10079989007933904,0.20725689369401334,0.12324345374193292,0.12561390018743634,0.1006590691117739,0.1142002957614063,0.0,0.22836289133700344,0.13376409094571184,0.14926346806120402,0.1792486217915672,0.3900325775114284,0.28471885659977236,0.3106231489100813,0.21301663664280854,0.13814538480113142,0.11901802492467098,0.0,0.30687453945530424,0.25840134622972133,0.12990469538941107,0.24027696202131987,0.2881220078350505,0.2570811975031549,0.08776651602274868,0.25636842993485315,0.15192494845273535,0.24262076272317953,0.12081578134808453,0.19786349833462907,0.0,0.14778246021826108,0.2708756531361459,0.23439451371636574,0.24160036028692417,0.19908999450761827,0.059679867824389,0.11607720908902833,0.3463786870585883,0.03206017305677663,0.22126329163044428,0.18242568835603348,0.14601768129383516,0.13490618119969183,0.2341197854989705,0.2373701172909129,0.18664612683959889,0.12052373479060581,0.1793842109863451,0.38321918121307585,0.13057743914067121,0.2136969671475812,0.32506320738306355
worship,0.1695210479267136,0.2256545995047894,0.10168181328235479,0.18022666461349363,0.11389914065506976,0.13252890362981035,0.05143386672684552,0.1981442695125208,0.15087636925505946,0.2167512095671044,0.1846032744522736,0.08560944915643255,0.01747582299224772,0.0,0.05897444315486161,0.15979397219574376,0.15443429292508365,-0.0007868978315365566,0.06650657039101836,-0.0049700386339696645,0.0927128373944674,0.16485124396385062,0.21495035578936944,0.24252684574132893,0.2579590996534856,0.0997301227975105,0.10286280996924599,0.0,0.16174207134862767,0.1546420637777876,0.24946737530790275,0.19598320009842957,0.15677414680099483,0.0529827063648178,0.10394281261329014,0.06447764620429366,0.13463762310589125,0.03202457278642812,0.0,0.24472896592091142,0.09814475308521502,0.08651932913376947,0.08472358115958116,0.1628388847946617,0.21718770050361763,0.05099515580377418,0.15135689703507665,0.08602537291828627,0.028933647346527796,0.11456587820858967,0.15591347008671697,0.0,0.04605571499339418,0.06623014072890854,0.09655416511271898,0.09343800420456391,0.22850147139767973,0.29066280733253724,0.14654249656686508,0.11749903651255603,0.25383405322593644,0.1597561645341466,0.146386548896798,0.0311300073087145,0.1716938762439957,0.16183933662812724,0.2533155407674743,0.11748740367921948,0.18375696086416168,0.13887913436788843,0.10560371422949968,0.11017035530724872,0.1264446214675017,0.12958113733759727
living,0.11511415714499457,0.24137027285702398,0.19324673695229114,0.1914340779321368,0.241015753231581,0.14048203804914133,0.04338212223834821,0.06857873812995452,0.19590688156096034,0.25577066105653723,0.16298076647801127,0.16763750600741414,0.15745407679196813,0.0,-0.023684114503011618,0.15001976908454004,0.1478726396031516,0.006600510814539374,0.117971819489782,0.03323233555692022,0.1491558014514654,0.09545727305342433,0.22253043145571466,0.13750909525539495,0.31558277215594327,0.1316915048027254,0.0744224161548186,0.0,0.09354443170780213,0.08132840595016239,0.25400250835954835,0.14331210403191746,0.227588656125095,0.11666505667462103,0.02892731022445787,0.07195863318426027,0.20882214726061055,-0.006664812230961441,0.0,0.2141175169975522,0.16391461550312283,0.0822979670190751,0.10380014366950621,0.1781785969995201,0.16389438133880158,0.14248116869489041,0.16578583588862766,0.20195023807588186,0.12733067594184896,0.2196790449303958,0.14893439991951207,0.0,0.037413331141787715,0.09943401431038806,0.11352133164001478,0.12009441460600528,0.15533136547600973,0.155370940960617,0.1590159892691987,0.1630959075547509,0.14749416894424963,0.11386738171262673,0.14375653504195188,0.12442342096831038,0.25804779976406333,0.2047971217545232,0.16079806480126996,0.1689296388007201,0.3570354365784665,0.1717166443093387,0.03700028263397788,0.12270873127236068,0.1288445229319656,0.23727067192942058
personal service,0.16177585788459123,0.2008095165418774,0.09264827601819829,0.3290337814646704,0.2606878165428709,0.18141840004761345,0.13577089417421,0.0688713915882142,0.11804799714438226,0.3342962088759573,0.19327353044936216,0.17360510503199192,0.12472729770255386,0.0,0.09594861056384656,0.16572236639940582,0.18079519795566376,0.1922022493771724,0.11147287981437239,0.08756501784271527,0.12121780027951037,0.10395270824194483,0.1071523102834399,0.13361485639773052,0.14259020002786743,0.31824309379667953,0.06166614758129775,0.0,0.13910681350849646,0.024610515543389437,0.2739563517203997,0.1179808674141739,0.14225266835078204,0.17922999823999997,0.12101613876603655,0.27751167423282314,0.09353131927231452,0.04169996380294459,0.0,0.2732794765754949,0.2642656315912094,0.12139646149327298,0.055963374480033266,0.10959759272251175,0.15186024794216807,0.13263769995192745,0.22726008749051152,0.13504526976864983,0.23355339843204356,0.14058341210802305,0.17647252012721698,0.0,0.1092576796413226,0.18654968613973205,0.21648269625126765,0.14574963280421127,-0.03959118033876611,0.09117676362187951,0.1672457942574242,0.046812442530642595,0.19136592853571138,0.10123909720554558,0.12201575798397378,0.14084371916418828,0.09800775621684868,0.1702640827910869,0.2584758151670556,0.08821686772512871,0.267126524765517,0.16850660628229827,0.18297073783726908,0.1800274645009582,0.00587523338248528,0.23406393100957312
personal,0.10437217379633337,0.1521731385118354,0.08448573507961096,0.2576778244421974,0.16324443933878657,0.14218964890790114,0.11905874634453961,-0.0115454364618547,0.03166815282923262,0.2190416351016203,0.0991271799201216,0.13467816334259936,0.04525033180669119,0.0,0.14550845053078465,0.10298115101912175,0.007328371236838528,0.19488040246601623,0.06525225037899476,0.038317446408528646,0.12023654653132385,0.04050762169758053,0.11135889003243464,0.12182283051324927,0.05183282200375093,0.1919235530029169,0.025733584000821236,0.0,0.04915927271334493,-0.07034633163050125,0.16619823521224608,0.07736451677051595,0.06165292279085564,0.08217630414330178,0.012321714548467186,0.24502140459583205,0.032002751331395685,0.011565768615576618,0.0,0.23508023285674162,0.21397231607919442,0.06598501817211753,0.032609832033913995,0.031049422431917745,-0.005336277950380108,0.1324592125567507,0.04720398337523368,0.09701334495013035,0.20194827550215022,0.14359869314201226,0.08214302890025016,0.0,0.09227838841443387,0.056961832726851,0.0461448323907626,0.05126507346852453,-0.11416982268819796,0.0414640016196361,0.15627654285685327,-0.02171374365574255,0.13647779300761673,0.012995027590445102,0.04778856535970728,0.07229508035509825,0.07985899732112137,0.06345382428736972,0.1603779155504593,0.08142820860354552,0.22765430448074048,0.10154488592735711,0.09575108384427643,0.1396441555857289,0.002999903478779868,0.15840368630422774
leisure,0.1861598390727476,0.11846499057852652,0.30853714814911365,0.2920987283306087,0.2871863215461017,0.14810890879522723,0.12712168380243122,0.12528535148429662,0.15880078662874939,0.28478896177171253,0.23085254868737765,0.10885242662479251,0.12792958934459508,0.0,0.011726138783379908,0.1973910831009426,0.10807695029443991,-0.04266179217583818,0.031014258064125222,0.09228459998963148,0.030572251222856638,0.06330380335579024,0.10942476271665516,0.06943941558245806,0.0623062594144487,0.08525759500836448,0.08902778209191846,0.0,0.1339728667567403,0.11829780909290455,0.3786552408693522,-0.017382720364687406,0.20501886963367988,0.11758394436872147,0.07869294273641438,0.03466787853954198,0.1598946891657056,0.06404381599122,0.0,0.1656390508440298,0.20099289284560895,0.15483196446051886,0.06974111705937952,0.28959172290172003,0.02215680121864183,-0.029769132994235892,0.01865554132415817,0.05959975365622845,0.0369834211256552,0.1044382511022533,0.17831326489398833,0.0,0.1346250018578481,0.20649620712823485,0.17354337603888137,0.18725341134603027,0.16539623180156543,0.04772882350721316,0.10283564838210137,0.29812470878997327,0.14902999519329965,0.08501440258090132,0.01998852007580812,0.13564895378543002,0.0749236793777636,0.23167332533011764,0.1856128073687895,0.07410144340527335,0.16939508726869745,-0.010954449510010797,0.13404185262387167,0.057770967030330786,0.12100233200740627,0.3093878234267262
mobility service,0.22336227958375512,0.19376265976208135,0.05548674344229376,0.220921284107095,0.2617114280897192,0.10860423459196424,0.08197472587180599,0.09095668523444811,0.05606796628880113,0.2956353459406632,0.2971000849130926,0.08837253175989597,0.15834893001246608,0.0,0.05036692937037354,0.28008443775054187,0.16620808936046244,0.0820136872378945,0.10680233572040705,0.09836459464783878,0.060039916158547965,0.06045592595266083,0.13918666488247178,0.04962420751300596,0.14413632101080143,0.24317334133396318,0.05460903193325459,0.0,0.22258814999298907,0.053277846633385736,0.2838313016828491,0.06907154233990977,0.10584376996042393,0.13676175361159965,0.2059668901666381,0.1252749108557674,0.11180867141344845,0.04790007550250698,0.0,0.1596613402251297,0.267441638682361,0.07942374148028399,0.013745308322906668,0.13746391618060247,0.09050686838076377,0.11504896455209439,0.19982046231195227,0.11379068562530194,0.09103938288225949,0.08863444373644214,0.2119911980245361,0.0,0.10439595537458908,0.2052780462134206,0.24503077899130596,0.18051807154075222,0.07317439565539582,0.10440160168986146,0.10780130734045668,0.04266120079892807,0.13550242331535073,0.18047254392007905,0.09380313531481504,0.10400164821519786,0.04316943056139204,0.17066912901983716,0.1633219997120362,0.05078877968779491,0.23617140152733526,0.1422685473548826,0.2080130231891471,0.14103571166783366,-0.02693480658765688,0.31270340588316214
work,0.09069452433058184,0.2391867123102582,0.09234501997927269,0.14632606596502898,0.11842277598348008,0.1890990488914598,0.15415508715291018,0.032292913448139275,0.05114628473813818,0.214296905964588,0.14211712264781987,0.11817513560951276,0.053198913011196114,0.0,0.035698571168357535,0.11276832549534763,0.09017802622731008,0.016301924203092344,0.05350719530693971,0.17351568647898907,0.023798001478495062,-0.02857684551969717,0.25759928211840716,0.13779780422066906,0.0688409717112538,0.048680544573842424,0.03605926741742491,0.0,0.09740821896039714,0.03590576140774815,0.25205927543679335,0.10916747641472849,0.050828543303078205,0.07546199285635155,0.0599166031179765,0.1595376652212999,0.12417352803847001,0.08694862776117221,0.0,0.23377575277665566,0.1970304639483505,0.1604583217342631,-0.011796798284815585,0.08446786825761624,0.11136392629081929,0.16641291540402534,0.10935981818634762,0.09827858261171293,-0.025961582427762375,0.16534111803774332,0.13022429613349096,0.0,0.13680687270660083,0.09219624314490606,0.047903143292750125,0.1883015669395352,0.02635302713144229,0.09676025106646796,0.16161168291889735,0.046262620240254425,0.14193544092557212,0.0696847310682794,0.03936882255858748,0.15687237937886456,0.13362204729079497,0.09166618005020781,0.14874760051813624,0.08347359789558707,0.2054023414448753,0.07526107903965282,0.10110515071353457,0.07895694637842053,-0.010639380618790543,0.11434316107327669
