,public building ,grit bin ,cafe ,embassy ,kindergarten ,fuel ,library ,post office ,fire station ,prison ,private toilet ,parking entrance ,arts centre ,water point ,shelter ,toilets ,bench ,clock ,police ,swimming pool ,college ,ferry terminal ,taxi ,waste basket ,driving school ,theatre ,drinking water ,waste disposal ,atm ,parking space ,grave yard ,bank ,marketplace ,nightclub ,bus station ,place of worship ,hunting stand ,bureau de change ,fast food ,ice cream ,car rental ,bicycle rental ,bar ,university ,recycling ,courthouse ,vending machine ,bbq ,clinic ,telephone ,mobile money agent ,restaurant ,cinema ,childcare ,car wash ,bicycle parking ,pub ,veterinary ,hospital ,doctors ,motorcycle parking ,townhall ,community centre ,shower ,biergarten ,charging station ,post box ,parking ,fountain ,social facility ,school ,dentist ,nursing home ,pharmacy 
education,0.5538554701950762,0.03805917115561189,0.11932728236928275,0.14643639933170258,0.5552032916310461,0.20636239018792157,0.39338611010483543,0.34670763172636915,0.2289989062332931,0.30165562809749585,0.3444283821659337,0.20817816426262192,0.568017320359939,0.33021869575976115,0.269870655786251,0.14267721552870286,0.08881902296349967,0.11687119023049422,0.2821437978178735,0.19872139255417445,0.6340952931645852,0.12081993075271341,0.10690728637463534,0.2173700678264806,0.6251751411066571,0.355200431434758,0.25430132906928005,0.25613176814756244,0.06607320663272093,0.2439311913333344,0.12825369179043478,0.2640485955940766,0.32599799653985573,-0.011647775047458977,0.20355040367075666,0.4215780995297519,0.28306610628808465,0.34242547790233707,0.33015242734280037,0.08610225525756664,0.19923997555906064,0.24204619734895627,0.09883842566568747,0.6634756936926978,0.2896586240259736,0.12902382496550935,0.1743134244038074,0.03595389540033894,0.40283540941127766,0.19087413027070144,0.36863593444650783,0.1561506035479739,0.24061524447068383,0.47562858365850447,0.13897967698494723,0.21735067637659816,0.10371751678166163,0.4201145273582918,0.3935284104850191,0.3704210472748586,0.20379775153845808,0.026817786926233655,0.552952111175429,0.07524845413506422,-0.1678918102699538,0.1800392611639633,0.1763716338437199,0.16070702069740825,0.08507240402287883,0.6096146521469857,0.7038593528902408,0.250943797920225,0.572925095007157,0.3552451925675154
health,0.5041042093998007,0.09452727368597702,0.1572809045378565,0.1761523550883429,0.2621108586492102,0.27746258636216625,0.2507054061293292,0.35256619691209945,0.27230262769776664,0.2913255295143842,0.36095195623008647,0.170703630105323,0.4052293498517783,0.4165562211801892,0.3498741535762698,0.15694922690825905,0.1495190729871394,0.16163720287837957,0.27500685059638297,0.296110685981551,0.36237797707116526,0.1587009642704405,0.12030070024488111,0.29746050663851215,0.41107273927885546,0.1849509935698275,0.40682780880981556,0.33939222637624233,0.0680751192069783,0.24942537594459388,0.20984463847996387,0.25189662513449707,0.3165622445936945,0.08261882156485162,0.17631933734530586,0.3332537363655373,0.2620813335276852,0.3372502507348759,0.47379909148731014,0.22007326928730256,0.2640574124471958,0.2626000689114583,0.18206661114844724,0.4119887412239516,0.2761521151102799,0.11563483526214952,0.2238428760684656,0.12224100061346627,0.5632478238428441,0.236572847040029,0.3951872872692564,0.24029185870084474,0.12173406036040678,0.43137663762164913,0.2897537023714837,0.2424323286210583,0.14727176848086193,0.5149295819724589,0.5649802129523982,0.5729251481127144,0.23561670839046261,0.12309846013099426,0.4883400213191816,0.1468448359996446,-0.1452169938994157,0.21279224017279977,0.21201043901155173,0.19632109237462078,0.15502167923664736,0.5762936489483597,0.39427064218232843,0.352445357226988,0.5996359000368645,0.49563303281403914
residential,0.5792131438696362,0.11106137446812386,0.18818495341722727,0.19739135455163842,0.2495233452687854,0.21944624858021233,0.2179068200560605,0.30821961689371535,0.34022853763678784,0.2434508171343554,0.45610452208250096,0.4337884235764939,0.39688366346429116,0.3347247171523582,0.3554672728608478,0.32583682388548485,0.1268317513212234,0.11667172860320989,0.25589643980966553,0.34814257793843645,0.29254062047581886,0.24582667113224804,0.23940264299495603,0.24292886199664077,0.38669450424412494,0.23297853833471563,0.2909798357856091,0.3476992203193343,0.05279261337345974,0.4685241933659857,0.28531263063691037,0.3044623330169304,0.3011522395592642,0.17692238452288633,0.27451371867403446,0.29093180920011563,0.21708676191420223,0.2021733822504636,0.2454688134113727,0.09556673180388195,0.4387303636867629,0.438425782273333,0.1798660017101179,0.3147612252314936,0.36486612718887146,0.3170771622178792,0.1808266303659056,0.08619789278498156,0.3018331715070608,0.3375461034769347,0.36174232717548715,0.2997898147774589,0.1639783317758237,0.2940071122339939,0.30149294479433625,0.39291012144934623,0.18148959772944817,0.2243360552781557,0.320945288165468,0.16927641658733006,0.389470893195069,0.04621678876733372,0.5007060526589743,0.17872870361171195,-0.03606232023194873,0.2989685022424678,0.11932921162651729,0.4391869407665869,0.24021174156011912,0.4817168626647113,0.3487999187833444,0.20693272867356716,0.48450273297117674,0.21953013594423276
culture,0.3927351895100041,0.15699477362014805,0.23932107328937136,0.21201968304497615,0.18432060906460693,0.16914271317706264,0.2522416913244769,0.22511267391227419,0.19861361005565237,0.2194565628027555,0.2262522991562089,0.1228659901792512,0.48636605157345225,0.3228966037932448,0.15491731036832182,0.12234239765102242,0.0384384694151582,0.07835286082840548,0.2339032445562403,0.199693752702233,0.2784313236760257,0.13475604153011378,0.14320189744475514,0.2478826194288697,0.3521018744069637,0.3439595199310441,0.31916907765903785,0.24027485669309792,0.04638941966873755,0.2078042259548287,0.15628061660951997,0.18080779212178918,0.3504905243901223,0.18088899506849687,0.17632331813987093,0.49946663788598455,0.31164746421230644,0.31626663718406384,0.37161031179622045,0.20413800524388187,0.1412888486407276,0.19523162955603074,0.18600581910933017,0.32731109327507174,0.2580410108273626,0.09683245258401363,0.15858209903910114,0.09351380027421098,0.16339423508174122,0.08423766950959279,0.296841692977052,0.261531933325292,0.3714096400253669,0.10622518553167866,0.17426754127652724,0.1694730365637817,0.2133432911929727,0.17604415491547226,0.16933303184765258,0.21862126927101658,0.1460868082517396,0.03237221302639326,0.49176799001632254,0.06358732188710958,-0.02321352175490024,0.16093934767393053,0.164247920235257,0.08225757262513063,0.13377954309476076,0.4847581965746172,0.3167481948682481,0.10385160276921339,0.25831287784401047,0.16669676118199556
culture and leisure,0.5325709612014297,0.17982435004864275,0.36494748839772134,0.22495882182916438,0.23099469942868195,0.27739985278470397,0.34648685931677653,0.35943655070831765,0.33087265720030545,0.25265703167944303,0.4187233346793497,0.3228567546563011,0.6130333517240412,0.4624637798685136,0.2593657871334315,0.2539607740779293,0.15633152652602667,0.20359955770808533,0.2661425999999196,0.45390468524741334,0.37045691411268644,0.2710438314979109,0.28669519779097363,0.3608225815155686,0.5002440951590603,0.425182732320157,0.4618273729015789,0.35056471641384174,0.08735836706132685,0.4146526212483719,0.2587753922861112,0.2606305687409954,0.3776531952964816,0.24048665324651314,0.31523019570536825,0.5962256245342046,0.4461727547723688,0.35678660485183616,0.5049981583628442,0.30385827150094474,0.36862672435660093,0.416813151010589,0.3235878788458232,0.39564524589156014,0.3186642343401789,0.12951718440356375,0.2650190055656555,0.203560550696471,0.2387499398706114,0.22765084377280614,0.42468316011182605,0.3941332361316442,0.3883020767206222,0.2659974240489873,0.37007688783234804,0.3760943646872684,0.3158090962823691,0.2239481505441872,0.26780763096488924,0.2574882682057467,0.350006118402482,-0.04664900540130129,0.6152097956576605,0.25127561792078223,-0.04679679182519932,0.28194794178757915,0.24507932348227685,0.3042226934205406,0.2622036057160918,0.6045710673900656,0.39995385058215077,0.16157417750641712,0.41620946913286305,0.2154823931783221
hospitality,0.33286739085777384,0.07968103065747807,0.32135080505016766,0.20360534060469382,0.10848672662524639,0.12766170272619984,0.1736245715067981,0.2330464483365775,0.2018355813957136,0.13352823069335193,0.3333926949785797,0.2751642825326806,0.42783051724066323,0.20081107609775303,0.23534614477791022,0.20995872292416515,0.0681418501638038,0.07996194430061683,0.1273421181403672,0.2818355395415617,0.2525589323578119,0.1765751101246327,0.21618712515332109,0.1770848294095168,0.2651530127163284,0.3054906422466909,0.22176053553102257,0.18561710436561152,0.06556607193981645,0.28158074514252673,0.11190836004007701,0.19347896262823305,0.3062317568103496,0.24058087067282888,0.16567609332420663,0.3853056917221723,0.27181754334837804,0.19039989634456075,0.3558817588050903,0.13039179297396428,0.24692930690648285,0.2573451822493418,0.2892632154057644,0.31739561338238553,0.186696579098685,0.11749611199625745,0.175011391145877,0.19966180449498044,0.19619177093130286,0.229334277988764,0.28362096090216127,0.5033825663888252,0.2404011170694361,0.32054323788249267,0.16936183755202805,0.22369850394059346,0.33777149238056686,0.2880731421415711,0.254620957803691,0.1710742217811158,0.2412954205261985,0.023945318565480024,0.46131576292705745,0.18911071784881936,0.12353647570770507,0.15319553818925222,0.05729101110560704,0.25213262102733447,0.19204565892735054,0.44952842815418603,0.20910628985311872,0.12250016153104563,0.3710799064205877,0.2094673571311542
tourism infrastructure,0.5850043869902409,0.10136045023611644,0.1847298829614257,0.28061773366208254,0.1378875102885578,0.36018885758600383,0.25861233423603464,0.2736508303711814,0.3048836709720188,0.20634494072263537,0.348781886425068,0.28521232787862677,0.49696080133966325,0.3850879038976277,0.29260987761772317,0.23262614611422855,0.06252520015012587,0.11302557769576685,0.2689762031452464,0.2524017193999649,0.23070770637512528,0.37073759889556246,0.31465619872951534,0.2947030101022968,0.35183551516529166,0.27707787360709774,0.3066786882945027,0.3946178957507128,0.1047893006108575,0.3683156708839901,0.15703584627165637,0.31983404140845695,0.43458484022600274,0.12130830262093129,0.35274724845152533,0.3182488637208215,0.27443986177962243,0.3564016050478098,0.3517609179506498,0.13057429917195712,0.3277929320674883,0.41031141795926895,0.10527345258286898,0.3884050671464134,0.3919689163349793,0.15620045802445612,0.23849130167436275,0.06885294862146614,0.23534913946594616,0.24051900048077923,0.45685649401776784,0.24664118487526612,0.25076116696981265,0.2697246587719979,0.19577179764878422,0.3548880216168605,0.15908686702522143,0.2728027148470016,0.30913663334242913,0.23256361720234375,0.3034948624248135,0.044240865750083756,0.5801350931753453,0.05661673930535628,-0.052581833485136065,0.32657052892477934,0.09815677798638658,0.2892866184597717,0.09190518618430835,0.5898830666946759,0.25377654191087534,0.133666610324106,0.3168928419631129,0.20650669862668303
tourism,0.40821980920477763,0.049204711886774215,0.21965589751764042,0.2996119864018996,0.13963435281363948,0.24979265693545114,0.13664875828966822,0.2297576577914812,0.21575107026653967,0.16552305607207893,0.26308637403954915,0.21940040303729527,0.5117602136026361,0.3178755099884355,0.22462907908790894,0.1432928879166107,0.03343643903678592,0.06464141540120882,0.2345646519150385,0.2285107944193335,0.23723598797110854,0.3186610835619366,0.34278748374722023,0.23066697500807584,0.3270707498736309,0.3012855821357937,0.274221402827501,0.24447244598543422,0.04372633167948009,0.24250693791535793,0.07381409061092556,0.25675626633536935,0.3391290466952659,0.17259986152792894,0.2777946013573397,0.28194218898554163,0.296230365832653,0.34072245044873206,0.30588675538330146,0.1415146421507073,0.33875564540529707,0.4169816702052787,0.10977713351838607,0.37515585663436485,0.31338097450328695,0.11101769837027055,0.1496113423758722,0.10323350018926669,0.25399141904458156,0.1522010935211675,0.36567546171566934,0.29843834022850574,0.2910301021088092,0.24609497446930254,0.1889946215421791,0.28891827636084166,0.19852081914945263,0.30091513013056836,0.2625854730192733,0.25037196593630795,0.2595262247688589,0.025396578065847837,0.5187796955108785,0.04735608099236718,-0.021290022652507276,0.21196942319721931,0.07151031979127921,0.193562133564369,0.10385360799458597,0.432905985790637,0.2461038541200704,0.19042772049090556,0.29006376781832577,0.20049770496952365
infrastructure,0.5930251422412789,0.12347567650092181,0.09988414990144139,0.18452641814963341,0.0979755149224234,0.36661912921090667,0.30434283893498837,0.24004204131377926,0.3061740233718996,0.18843989568552916,0.3345918335905235,0.2695024367024801,0.3449261962156057,0.34303541159009776,0.27693727258017975,0.2541434862644043,0.07319775397930556,0.12827513208506738,0.22753414014412623,0.20542527068487482,0.16045702360905098,0.3180902855789655,0.2003299753038026,0.2746518704217635,0.2781318883899738,0.17694824600515727,0.2529017489296222,0.429774941051587,0.1345301519893219,0.3873326320379335,0.19362656257024455,0.2918925310362183,0.4060031125685314,0.038289044992872834,0.32711405188493403,0.2649703995191086,0.17736902962192122,0.27268396224000063,0.2984030767242109,0.08383800462995718,0.22635517085563583,0.290127944648147,0.07174946803702739,0.29347462625918697,0.35896153092755956,0.15639709186669964,0.257946036955231,0.016659915420407442,0.15214767791823902,0.2588703772793709,0.417983889820629,0.12838589770481273,0.14246349634944888,0.21769380126255974,0.1480183889931131,0.32001212815563246,0.07701034902002218,0.1700987630118157,0.2682484495190214,0.15093740357049365,0.2616843160332294,0.05011900415798286,0.47836533869850445,0.049836029953718386,-0.068132439845191,0.3463703372283726,0.09659872158690978,0.3012483042264579,0.05491948427514923,0.5774796079339418,0.1908032495450402,0.04195459984543741,0.2548648697456553,0.155037343210439
food drink,0.3432062663717035,0.25406484402111607,0.5039050114032081,0.18911258291778466,0.17649314092262897,0.35964266733623973,0.20191717726579927,0.30231712532219485,0.3354007175698345,0.2128573238463719,0.4061916032883577,0.3067694916514,0.3119763283614083,0.5536958363812664,0.3285513735937802,0.3375776108837142,0.18087521660933586,0.17363591715388366,0.20753782668949888,0.3913124421259023,0.26701795530295597,0.1912402401016976,0.26683256274621614,0.4944952614881744,0.36744429486036895,0.25135327272463215,0.7327427837415366,0.3994601492217176,0.15172705837076184,0.34757486669738896,0.25123570527676986,0.20573252514790594,0.24798427367464693,0.2770689692792461,0.26799280923213176,0.4414387329762854,0.4232464674430728,0.2701852267977863,0.7873587870280029,0.5654648352949094,0.2686827391186046,0.2878045682803221,0.5242379183845903,0.22963558889188868,0.31185657044400406,0.09656477526849588,0.3969338005165609,0.41583978380423803,0.25545173252108544,0.15141448644940575,0.35125582454936255,0.5955014913983936,0.23858222577037308,0.2087984028018885,0.419469752045501,0.34000980605996384,0.4640041252969991,0.2595787937824767,0.27594156482733684,0.2972948119433004,0.3043629203869952,-0.06381621575359739,0.31369241384647595,0.34165272990290224,0.11299171487114094,0.2586564912214268,0.3158356987039179,0.3101008929806603,0.4020478507360511,0.37174204334671523,0.2948547768797151,0.22236830508265137,0.3682617368565949,0.3159304291811645
government,0.6026312807079142,0.16095924342326462,0.07589402763500507,0.45842268035157485,0.20422919272860873,0.3326007426259744,0.2522681826171301,0.4281807129717822,0.313210953689633,0.43483294093573965,0.39172112644210394,0.2158906474700427,0.3323204060812182,0.3803680344691211,0.29836100587190256,0.1725554667005885,0.13806605801313085,0.1305574125670185,0.5264281803543795,0.14414499147793913,0.3000867899245644,0.194995072461302,0.22536227417706997,0.2631102541473451,0.386970601942556,0.1826319294636728,0.2821998971886017,0.37404176041406445,0.0707452543760412,0.26417628355714096,0.24522453335845243,0.46535266788780394,0.3179911989456322,0.04112386105482578,0.23929676776883374,0.391752225742212,0.3675440968312735,0.41589988737085287,0.3287393630005291,0.10825618049719271,0.25703801041404156,0.22187281147686327,0.13261546628431511,0.42422873592529503,0.2353654412298768,0.2989626494533001,0.18368954769266854,0.04301174070973576,0.2013102763866487,0.2575247525933689,0.45521802949099954,0.15488443686576098,0.15149708394165906,0.24977028545494992,0.21710054113594857,0.20599555879690487,0.08711568219277946,0.23266131902987375,0.3574116251967577,0.4030893261376687,0.23596307693773674,0.07029267410497345,0.4125708732582409,0.06677413592897637,-0.12400908375779524,0.3062404526143321,0.1916878916847167,0.20472384034264676,0.09028134707009304,0.49297202660832107,0.35379778935435735,0.16297450759183976,0.34840189972892044,0.22828389188809495
sport wellness,0.38570161136853387,0.09024794115392248,0.25818862066235293,0.0500893517595557,0.2363882905189416,0.23491940280896223,0.17854042789857266,0.21055955581411784,0.19476157750233247,0.16522401490291666,0.3340688841247082,0.2112883698642803,0.5482166880406283,0.359124908071497,0.2395549302158359,0.15982840019725164,0.1999725960692608,0.15906506341520962,0.18268981757066702,0.4807952399595416,0.35894340339236785,0.10539723137317251,0.1490033225324964,0.26077146790534295,0.43464960796815577,0.31117916223566827,0.3595445777551757,0.21365459329176834,0.0711828088512958,0.2834687550288206,0.15800027895573898,0.15034791708983977,0.3408114600950384,0.1748319186846663,0.1672226898438386,0.354170431308625,0.35225498428433744,0.2720648190374349,0.3948575115405335,0.254560382643777,0.3066787998733185,0.3850102757017099,0.2899491411744637,0.3703281159518904,0.2426141472439611,0.038216207159173246,0.24347254272878122,0.19238671202598706,0.44047356531611326,0.16910153032133082,0.31111885227288616,0.2854968608205239,0.2805239427086216,0.3334680152528311,0.31200143723883267,0.3624525761350734,0.22492754505384124,0.3765757962135922,0.28615227072311905,0.3219401291320708,0.34506145067801075,0.03351698198063621,0.5096805351033743,0.2168887022165224,-0.019694830488070636,0.16874581919049597,0.16291059411371012,0.23227572439332422,0.23457390666525038,0.5055063061549515,0.3747373334994119,0.21772075740885205,0.4033653379342139,0.2976027464497145
transportation,0.4950002445549311,0.09283652662288495,0.17983723085685976,0.20614685250282125,0.23315327115598267,0.45718755241747494,0.2570405176835936,0.28934212858139585,0.397061455315476,0.2270244402807724,0.3684539060009048,0.4319926404146312,0.34681621128271883,0.39666010318645456,0.34648029740271225,0.26719084537272264,0.10240037439782838,0.13527930854315304,0.28023000969801154,0.25551096254406624,0.2406217651524844,0.4976848416142765,0.5141750214337443,0.3929743840781121,0.47637366650435076,0.22622481622114554,0.3421084091457133,0.4834558575274782,0.05345756474135851,0.5196020305267612,0.21512664841420318,0.20578957724963995,0.30949597598614276,0.12450465978968678,0.522494110979365,0.289786794339109,0.2643740119819104,0.3245285581216379,0.40614690571480966,0.17125372322363716,0.49548875506851553,0.5967903407834655,0.17531327766240956,0.3029771886575511,0.4461508136835606,0.2368208633738364,0.292895268168441,0.11042867402286219,0.2436529008348396,0.25987997676149277,0.40155413839950804,0.27388313748777415,0.13224032575628403,0.34658286752032386,0.36324888410332945,0.5931358733997257,0.09607474615181354,0.291347870234871,0.3444331204063595,0.21106221637295305,0.5159044481301275,0.03653184062880078,0.384708752548215,0.1340975006882626,-0.07160405816377953,0.43565206241447435,0.11857223027488556,0.5083797495478883,0.11440456174732441,0.511748307556036,0.3369451560719708,0.19280673767676332,0.30426446950806935,0.21294295844102756
public spaces,0.8002222747271508,0.1844641209316667,0.29457380665962585,0.22953813465734407,0.28708141466654213,0.25658980448401514,0.48159076210977325,0.4437485683555952,0.3880499346339189,0.31232776964941833,0.6385970286656484,0.5728596787860016,0.4923191860309501,0.4587009288474646,0.3603058210271907,0.4451696297633741,0.19262625938475045,0.17643852463669957,0.34813928621758117,0.4320090666644873,0.3548945684556575,0.29867790229323793,0.27998606335298626,0.3018792505315899,0.4489285060178166,0.4248415597879581,0.36491578640417893,0.4173497804210563,0.12103238677755203,0.720236317447521,0.35919696964439257,0.26677689053736664,0.3577935044934338,0.22925966762251088,0.3784566704572963,0.5175880107071884,0.35465190363277416,0.34339794931201106,0.33802694055156135,0.1742623861835216,0.31556182234990054,0.3699511961887844,0.33634576323537757,0.4234901320586237,0.3501191254685828,0.3375158699628158,0.2754383186659225,0.12915613147717192,0.28818189484985396,0.32447679236064436,0.3903963238211185,0.31731675823649047,0.3173231145594422,0.3506634637668349,0.30398323016684314,0.5161130662578302,0.2859109800292566,0.21401250871006652,0.3280858155962312,0.2681884267754452,0.45542370633117724,0.10417862684395379,0.5634917558400245,0.302058997704255,0.0022565501715133413,0.3501861909606034,0.29938509629105403,0.5708356186477372,0.25928711354036693,0.6370855880666804,0.42666119727589036,0.16044658859878558,0.39129831996814535,0.21329481571019335
services,0.5072635734682313,-0.001341306463315449,0.2210787089901493,0.158780576126283,0.1815230313650576,0.21209492412977463,0.34945770652864766,0.4140251685333144,0.3261171752752454,0.20665691491488744,0.41455410058671355,0.2847906804530317,0.4110193098440623,0.2993545920012507,0.28646050086395697,0.2001100990024248,0.07937090408848321,0.1682009004421582,0.26127899178418623,0.2673704378325609,0.28129246320276,0.3143055542555267,0.33238655118173194,0.2803587739488571,0.3790512832237849,0.23957968700693225,0.21372039158660075,0.382005678196109,0.07368184754436408,0.35756816146735176,0.1819790350825226,0.3205614646965159,0.43488265278302995,0.13323156590577545,0.33147015529523977,0.39703560984697855,0.22994429599481275,0.3677533621171527,0.3743145754011151,0.11047944518371118,0.43859862880028777,0.415205247376746,0.21826620372940456,0.3089911887004175,0.3440153480258314,0.167914306685063,0.3137918664991113,0.08855375617587968,0.4206120980908314,0.48652151449485226,0.5736667289781233,0.3079557048343825,0.1650454123781805,0.4729907441233785,0.3022890820284577,0.3042986106279599,0.1607459724939408,0.3575903928274057,0.41858872299301353,0.3657443551230619,0.3161642385089135,-0.03753391805290549,0.5261647796099072,0.19627777716601746,-0.19450777871052743,0.3675371530572189,0.21950208110834762,0.3231087698812778,0.11782333311703846,0.6560954518698666,0.3261604268665465,0.3242218622004921,0.479672360925569,0.336140779587211
business,0.548496684040025,0.10807282787175856,0.27227687724827043,0.17282779116715347,0.16400977139649522,0.2475655096594282,0.2507830387122016,0.4655227628472842,0.2734568974330607,0.20211800608534408,0.37465634630286637,0.25472401450832594,0.4181141892757786,0.3351817630590713,0.17181977924705483,0.08004835535185631,0.11246365725855173,0.19419701850722698,0.22885015504769504,0.2408936090082662,0.36027998979740083,0.23023585031219923,0.28408346022510866,0.31914433969720024,0.4440670490074212,0.24993107873299925,0.23872046629067342,0.3200403413160103,0.13846311916123252,0.37295868037796565,0.21175755199077478,0.4431012695389826,0.5462308180073638,0.1786920989226113,0.26409908115962,0.36665468582998073,0.36229843249047977,0.36964347601519665,0.42792914703758533,0.16932556599188758,0.42935065463467015,0.3946940259646544,0.25740183263569,0.3734830193842319,0.3187169280661625,0.18616192934214498,0.3528814306646791,0.11019341718426096,0.2580719860281854,0.36388778793888116,0.5797084008618855,0.38293557109291304,0.1854139757798287,0.2751816428265576,0.3480641233599393,0.3035375526955704,0.23612321427903754,0.2567268092791583,0.2807219872445084,0.25299874818947216,0.33809258586179325,0.005424948849361051,0.4659743411182893,0.16466999469136792,-0.14660875426682052,0.31675454058466374,0.277147673417546,0.2772281268426574,0.15768492664424705,0.5719649723270503,0.36385531880127253,0.2026981409578522,0.4321962492774441,0.298474939700026
business workplace,0.5873163733707344,0.11948655750638101,0.26251842389017577,0.19715224123417732,0.2630889758335139,0.24981209634844803,0.27677005451670333,0.4858448793203891,0.3063156824936946,0.29572207479180884,0.41850646969315547,0.28131282164257493,0.4313312685442062,0.3162329610090339,0.22259854638316756,0.18377981442940927,0.14650991481126135,0.17304036914544052,0.32342170760608696,0.25365840882195423,0.3965278178144913,0.21946171741240905,0.26575899769242617,0.3167036502683864,0.5150509797858716,0.2666328519953212,0.2940626361150204,0.38715601522152565,0.16180672663433737,0.3938273532293415,0.22611580548371885,0.3544655710399177,0.5194953984112409,0.22151758946782285,0.2566788572904846,0.3956720223932944,0.34399824220614206,0.3540137851813028,0.408151662790903,0.13503233054759886,0.37334999223063203,0.3690514488590533,0.2749852067499761,0.4301269441831131,0.3779950100221611,0.22135867892650468,0.3475797507687251,0.11237026092018428,0.31842771666071773,0.3562586421911652,0.5171327436983479,0.3472470749431383,0.19033921954825084,0.41111666116846407,0.34208444249387565,0.3422441312929164,0.27505624009314467,0.29388631121265996,0.3748192778438198,0.32093734268581653,0.35766748533219606,0.06243964697307991,0.5020951001891354,0.197735271581064,-0.10739580928900766,0.2875700621625597,0.2528194769166514,0.306297580154333,0.12833263137335899,0.6566443892025475,0.4357037819542964,0.2358495953192907,0.5133291564842266,0.34151895989716996
commercial shops,0.5627202738372384,0.15063401141201405,0.4660057274074184,0.20029592524965836,0.11916362251238377,0.28548160869355865,0.3148615976979061,0.3785121378748046,0.45085225243072413,0.18128696037916625,0.4594651745971573,0.437990772789225,0.4930539816081677,0.39019230276014544,0.26752684349047806,0.32991711077456265,0.16648339546814966,0.21055221367695348,0.30350240176273574,0.36558067187084836,0.2591281593646409,0.33008565659995814,0.4044319350177713,0.36792558985099777,0.40288687331907935,0.37151589199565044,0.35326211129176005,0.38159322939321094,0.20707602455846844,0.502800445056625,0.2992802560039479,0.38477354625412385,0.544898168634815,0.2984609739332561,0.43580774796985877,0.3772075313072711,0.37155465996013565,0.3241126346035061,0.5021462595539709,0.333383012912675,0.5224251564401983,0.5316963004549944,0.37678608741779396,0.2849610665561871,0.39216585497494294,0.3036506897176096,0.46107225046795075,0.25586038853102766,0.2827759409767576,0.2940239881022768,0.48064024543670797,0.483943889062611,0.3695498627343414,0.2467510225562134,0.4623604938986294,0.48686752006122014,0.40040307197832853,0.28009528241495335,0.2945657105439743,0.2493914764589069,0.4888261430873657,0.029126460227469165,0.50217656310637,0.2137476681434859,0.003197629738823895,0.41713189782133764,0.2961046953685216,0.45838947341343667,0.3031569490679926,0.4621035326168319,0.30668898629429797,0.22807726666770017,0.3794367190928828,0.3744627494444306
worship,0.3602794455077245,0.0644198388420027,0.16156193882302652,0.1692539947259151,0.23733128697789538,0.05978560709374456,0.22237686255800787,0.24167538166929994,0.25953506556257205,0.20544410561952403,0.25011815784699654,0.19871111406614392,0.2911690570747606,0.21938313939379853,0.27616904359238015,0.15428711919772936,0.13088081910153415,0.10012515606202887,0.16573133618025324,0.14650695374177453,0.24595407823719428,0.07853207118785616,0.07102924953905757,0.17437539448427467,0.2836684429046338,0.2741469043137339,0.22458254158282104,0.192746115329133,0.05477042268779059,0.19565252779451808,0.28204073029634136,0.09447749420517337,0.16645366686512206,0.14093913356753585,0.16255187999247628,0.7898116948254285,0.32806267670988026,0.1256241583593478,0.22881898266745263,0.11638699301437513,0.08028426984255965,0.09490149872296867,0.1273269039469916,0.19205629466647414,0.15443559434774476,0.21717241141964538,0.10020463395300774,0.10253922404715521,0.21137346572326526,0.14738738150642935,0.1347881652564591,0.1428033737055421,0.2110265057043339,0.18840487777782094,0.15004966258612462,0.11804656786165263,0.15588731044645365,0.06714295805884846,0.14920174251029192,0.17288159686049714,0.1243906224075627,0.07963235861305806,0.3351660182569665,0.20828789881075638,0.01739810867960323,0.1487670942149742,0.15529132645326557,0.12025949735617388,0.24595775205321888,0.2911137328908719,0.300576714971855,0.1050266140476905,0.23978139945528928,0.049230690221536734
living,0.4737231661597597,0.1514149311861429,0.25869478620438496,0.2164986948001663,0.2591823827943505,0.20605051285410114,0.2463436700424017,0.34567054458868046,0.31016251726555466,0.3876220285783394,0.48322420935573585,0.3299700695983035,0.35862444568683005,0.4072588388753228,0.4265287475028594,0.33078778757992555,0.22598372282907908,0.18215729420975327,0.20474637491277398,0.3916440485805902,0.3344439391947203,0.15891057151011379,0.14058730522796986,0.3023265244838411,0.40111217229503165,0.31877099810834475,0.3880704773011,0.3137406371807129,0.07510349245913771,0.4600146498262498,0.4079459656021397,0.22749101971205324,0.21927927512501985,0.2103829949844714,0.21282825420161378,0.527579999776656,0.4333695755701412,0.24195937562446165,0.40217758117051783,0.18456797211490944,0.31759193901783644,0.30254586772969755,0.26492745483615665,0.3025726476057398,0.22381926618657233,0.2184557824019301,0.17292852560376948,0.14408510354097526,0.2522018182753744,0.20152681833296232,0.36747573656208465,0.32241981604951236,0.2546064932964722,0.3059363078120517,0.3047967024111636,0.2859442794623156,0.25514512709888176,0.1569112944803423,0.36568737367393134,0.31445759245425803,0.26707421707763607,-0.01689002977330493,0.45753744767818905,0.3454426030418716,-0.02158139570225094,0.22634654852031996,0.220744018609704,0.29391479767313033,0.2438607714499393,0.4857704328619206,0.3541026623871841,0.22907132675987868,0.5463454437655723,0.16894653231504908
personal service,0.5399112721703996,0.11578607661951101,0.2639729067993391,0.2118577236565351,0.1743980838130381,0.27146244588070734,0.3510565953784305,0.5238650306951649,0.39487536645321897,0.2637909464882638,0.5107823977585055,0.3310920794324089,0.3557574318981126,0.40381763646793384,0.2929696368385885,0.2095607890796129,0.1483761349540813,0.2580525134765478,0.3335503510348312,0.31868367558123917,0.3523054866347798,0.3288164987622084,0.35237941784349036,0.3220119629629097,0.47689270902133374,0.24134127341219389,0.2848627534869647,0.3776381222840803,0.13881906545468836,0.42913646786903,0.2856977007778786,0.3914376163101022,0.4077678261198827,0.15416743263583585,0.36709803992488366,0.525865511210706,0.3406792241925209,0.3873953054204941,0.4548155609818087,0.19093115398538704,0.4969823859350793,0.4555901989654197,0.31459951652374474,0.34314172717569014,0.2970694085285077,0.19023695809638463,0.3675396792974748,0.1548281565157479,0.34332388445724643,0.5362757633843276,0.6263363728297053,0.36623124468040524,0.1922364478080767,0.399600423446146,0.421986050506179,0.3758225778828681,0.2115826072394606,0.2986289138403916,0.3722187921876492,0.32907812779273216,0.4199836293270316,-0.048832502003494635,0.49266944435406185,0.28054518474991547,-0.18320511672356998,0.42373637763211075,0.39315852040594584,0.363427237975363,0.21027365679462473,0.6668653607668743,0.3798363776174733,0.3049655069734719,0.5079062539683443,0.32484088850214954
personal,0.47357248838828486,0.14133062679512892,0.16096026740549943,0.18829667256151594,0.15806933575275978,0.1920204687026033,0.2788535775023352,0.491431669069854,0.25569467681786784,0.2496419281062784,0.46050401436201377,0.22783399901590756,0.31125041547777316,0.3666341404522939,0.25611569884529484,0.1304152385873311,0.16232091847877606,0.20013919202987007,0.2904859323261223,0.2664995290427838,0.349658511876008,0.1683634384833881,0.20149986867086012,0.29375456527792976,0.440028442350392,0.20493133144913722,0.260916948063342,0.31056493215281233,0.126474361993083,0.33463869596788254,0.2634732739990468,0.3992797186206843,0.30827093614659545,0.14179122912065886,0.20271864491983876,0.4841371952225425,0.358456525331737,0.3232471254097376,0.3524678936010993,0.16214067207830468,0.38830045463486185,0.3639360877023858,0.22987376867330198,0.30809919430926963,0.22439567520857162,0.1591263717960913,0.2717335333913826,0.12565823853113361,0.2785300122792106,0.3829139660644978,0.5311154909016569,0.23627398434425553,0.1820077061564474,0.29721511291853175,0.35292278285572176,0.2845706568399682,0.14137561281886157,0.2539384205997838,0.2921648183393615,0.28424259959495213,0.34514061888900266,-0.027706329313893212,0.3917879598123054,0.23759933374236794,-0.18855546548369428,0.2588057561164249,0.3819149724747859,0.2332396281353994,0.1948944983919846,0.559665995131252,0.3507751234099935,0.25327050213817115,0.4667013940235314,0.23061272591456528
leisure,0.36446702545141474,0.08704245775694427,0.3696069831142692,0.15356039196218726,0.16448058979533592,0.21370656779322061,0.2459927254808,0.2232486396178111,0.22868743688575596,0.13930149420826424,0.39599830222413157,0.3206615487229756,0.5265603635514355,0.2853399924209071,0.2078040455619257,0.273014737525787,0.144109497729718,0.16245277880465658,0.10356982278478821,0.5049117555917141,0.27571081248873425,0.2885454768936594,0.32277027277306114,0.27118220184187536,0.34294205107117254,0.33793461101270394,0.33109514790270106,0.2710824701865687,0.10448216264125641,0.39103400212767864,0.16490462362989247,0.17370668198952088,0.26224406969762487,0.2314808589147992,0.2851005384169719,0.3264000098850744,0.3122928397751138,0.20114728907665191,0.3308058338514094,0.17783118550634963,0.3961664479217622,0.462600578027604,0.25122192920919584,0.29462291458381873,0.2449584252867503,0.07410856671949008,0.23270225915126486,0.22269760984164005,0.1840393900552321,0.21116492004305842,0.2775638351713473,0.3683047639980842,0.3056473556671798,0.342922577739462,0.32552051507013013,0.40158239096024884,0.3354899081194632,0.16459806626949677,0.17855887931494402,0.0972898860442042,0.3616838735875094,-0.03709125821646418,0.487584464675926,0.26421435323642317,0.05543953279415818,0.2123829923591437,0.09446898049618288,0.34234317236102524,0.2794348158594383,0.44152268273087597,0.2520474921184232,0.12141530895725844,0.309749213236778,0.1420945231423372
mobility service,0.4399284473405736,0.11761404229285849,0.19185856491469927,0.15286816070783785,0.15022521436976985,0.3239206498012806,0.27022565056385034,0.34392069493629196,0.3484759701643577,0.1545208021483372,0.38965222613438877,0.3359705573109198,0.34168288919034717,0.3521792905485788,0.2510043307453163,0.24966644191455512,0.17824275298983952,0.21542232164227176,0.24981819643215913,0.27521192775354836,0.24322195808107705,0.3372105896512943,0.36373406267994157,0.27309342673535086,0.4200603330934935,0.2034287534369389,0.23750903693399986,0.3650484258333944,0.1659708096596451,0.45853589889156554,0.19569677651078984,0.22941692585397133,0.41684144964128755,0.06418650031684961,0.37695926573212857,0.36610658744070035,0.2780935195488205,0.3232171305775829,0.44037439914458226,0.15897072652819297,0.45028600584136735,0.4708838149821244,0.25259407846973125,0.2937521990799005,0.32991457200789065,0.07592652479726612,0.3731910841684598,0.10481255562328955,0.298310200088959,0.4561647347632037,0.5606166201311467,0.26747710021838306,0.15041872532147724,0.3855605864518472,0.372054925542567,0.43297983534307544,0.1572397438423751,0.2522781577129608,0.32175666224542215,0.28932335203405607,0.4229890096775012,-0.05739230360005748,0.4612261853627341,0.2143882199969266,-0.14717009677675685,0.4312176174182537,0.22632302201659862,0.38993512228489613,0.09980813690699004,0.5854409763915671,0.27264225771622574,0.21952823100813623,0.4138273990266334,0.2822711728460968
work,0.5476324832620197,0.17429943583819646,0.18859145989012832,0.14389695678920206,0.21919384086159568,0.23750067109834025,0.3557345030746795,0.5365959510545533,0.3365267834185671,0.2890300061696638,0.3539703807467313,0.2543850395173709,0.400418573760038,0.45124716746963567,0.2588876077662121,0.20751111286351553,0.27333640912977253,0.2744672954803959,0.2944147382223182,0.23395919005126536,0.3497802577329253,0.18982289662931698,0.19511098396633286,0.3004927274057604,0.4930971838554956,0.3326135471359225,0.3379057188286166,0.3325662210154784,0.20297625350460333,0.3661444617833371,0.2713053947414639,0.24358001950544372,0.21387544333282263,0.06539283080428397,0.25477155571168536,0.4920868682500188,0.40567337200612685,0.36769691107898467,0.4459865873810143,0.24660621790355225,0.2453887413800527,0.24319647934371974,0.2480744412250641,0.35175044785474446,0.2804615403854388,0.14636666309074758,0.2658271555666873,0.08591315458206586,0.31785079247643533,0.2166884002256691,0.4412679506787566,0.21860475272006735,0.24027067004380623,0.27157920129220275,0.35968906690475916,0.2847332877056122,0.16218902455153866,0.24048877086463846,0.3277382992122816,0.38502736608687604,0.2606784877573604,-0.09285369765858689,0.4174949486263147,0.21442766266233101,-0.1719030651121538,0.29470782037991744,0.42013131419374117,0.24741692422216718,0.17712414421337513,0.4903741685817163,0.4342533177419289,0.2504840888942082,0.4814118177418738,0.2742424828523901
